NOM;CODI;DATA_INI;DATA_FI;RESIDENCIA;IEPG_CONFIRMAT;R0_CONFIRMAT_M;TAXA_CASOS_CONFIRMAT;CASOS_CONFIRMAT;TAXA_PCR;PCR;PERC_PCR_POSITIVES;INGRESSOS_TOTAL;INGRESSOS_CRITIC;EXITUS
CATALUNYA;CATALUNYA;2020-09-25;2020-10-01;Si;;;303.4995;196;5724.6825;3697;6.2229;32;1;30
CATALUNYA;CATALUNYA;2020-09-25;2020-10-01;No;197.559;1.05718;95.5400;7268;1699.1745;129261;5.8498;441;93;61
CATALUNYA;CATALUNYA;2020-09-25;2020-10-01;--;;;0.0000;121;0.0000;1290;5.3712;31;8;0
CATALUNYA;CATALUNYA;2020-09-24;2020-09-30;--;;;0.0000;116;0.0000;1312;4.6512;34;5;0
CATALUNYA;CATALUNYA;2020-09-24;2020-09-30;Si;;;308.1449;199;6107.1539;3944;5.8090;31;0;32
CATALUNYA;CATALUNYA;2020-09-24;2020-09-30;No;186.421;0.99737;90.2293;6864;1621.3543;123341;5.6693;437;86;63
CATALUNYA;CATALUNYA;2020-09-23;2020-09-29;No;181.22;0.965872;89.8612;6836;1603.6213;121992;5.6457;422;82;57
CATALUNYA;CATALUNYA;2020-09-23;2020-09-29;--;;;0.0000;114;0.0000;1337;4.6388;32;2;0
CATALUNYA;CATALUNYA;2020-09-23;2020-09-29;Si;;;250.8516;162;6179.9318;3991;4.8342;38;0;30
CATALUNYA;CATALUNYA;2020-09-22;2020-09-28;Si;;;154.8467;100;6080.8299;3927;2.7762;42;1;24
CATALUNYA;CATALUNYA;2020-09-22;2020-09-28;No;177.847;0.943205;88.4152;6726;1570.8369;119498;5.6812;412;86;49
CATALUNYA;CATALUNYA;2020-09-22;2020-09-28;--;;;0.0000;109;0.0000;1304;4.3580;29;5;0
CATALUNYA;CATALUNYA;2020-09-21;2020-09-27;--;;;0.0000;108;0.0000;1255;4.0420;24;3;0
CATALUNYA;CATALUNYA;2020-09-21;2020-09-27;Si;;;148.6528;96;5627.1291;3634;2.9593;42;1;26
CATALUNYA;CATALUNYA;2020-09-21;2020-09-27;No;176.852;0.943847;88.8490;6759;1550.1857;117927;5.7702;412;81;51
CATALUNYA;CATALUNYA;2020-09-20;2020-09-26;No;178.928;0.952658;90.0978;6854;1559.6766;118649;5.7992;425;84;45
CATALUNYA;CATALUNYA;2020-09-20;2020-09-26;--;;;0.0000;99;0.0000;1236;3.6125;26;5;0
CATALUNYA;CATALUNYA;2020-09-20;2020-09-26;Si;;;157.9436;102;5622.4837;3631;3.2862;42;1;21
CATALUNYA;CATALUNYA;2020-09-19;2020-09-25;No;186.715;0.990721;89.7692;6829;1570.9815;119509;5.7517;425;80;47
CATALUNYA;CATALUNYA;2020-09-19;2020-09-25;--;;;0.0000;97;0.0000;1235;3.6125;28;5;0
CATALUNYA;CATALUNYA;2020-09-19;2020-09-25;Si;;;178.0737;115;5690.6162;3675;3.4315;39;1;25
CATALUNYA;CATALUNYA;2020-09-18;2020-09-24;--;;;0.0000;98;0.0000;1168;3.9965;32;5;0
CATALUNYA;CATALUNYA;2020-09-18;2020-09-24;Si;;;207.4945;134;5817.5905;3757;4.1206;34;1;23
CATALUNYA;CATALUNYA;2020-09-18;2020-09-24;No;206.878;1.15;91.3335;6948;1550.6458;117962;5.9660;449;78;45
CATALUNYA;CATALUNYA;2020-09-17;2020-09-23;No;228.822;1.23674;96.6836;7355;1591.2385;121050;6.1292;461;79;48
CATALUNYA;CATALUNYA;2020-09-17;2020-09-23;--;;;0.0000;108;0.0000;1163;4.8119;32;6;0
CATALUNYA;CATALUNYA;2020-09-17;2020-09-23;Si;;;210.5915;136;5693.7132;3677;4.4533;31;1;17
CATALUNYA;CATALUNYA;2020-09-16;2020-09-22;No;237.391;1.29122;97.7615;7437;1510.2503;114889;6.5507;471;77;55
CATALUNYA;CATALUNYA;2020-09-16;2020-09-22;--;;;0.0000;112;0.0000;1055;5.5877;34;6;0
CATALUNYA;CATALUNYA;2020-09-16;2020-09-22;Si;;;281.8209;182;5690.6162;3675;5.7397;30;2;15
CATALUNYA;CATALUNYA;2020-09-15;2020-09-21;--;;;0.0000;115;0.0000;1001;5.9184;32;4;0
CATALUNYA;CATALUNYA;2020-09-15;2020-09-21;Si;;;270.9817;175;5402.6014;3489;6.4704;28;1;16
CATALUNYA;CATALUNYA;2020-09-15;2020-09-21;No;238.899;1.30511;100.1408;7618;1453.4757;110570;7.0034;490;64;60
CATALUNYA;CATALUNYA;2020-09-14;2020-09-20;--;;;0.0000;117;0.0000;936;7.3144;40;4;0
CATALUNYA;CATALUNYA;2020-09-14;2020-09-20;Si;;;300.4026;194;5947.6618;3841;6.0903;29;1;19
CATALUNYA;CATALUNYA;2020-09-14;2020-09-20;No;237.057;1.31258;98.5240;7495;1393.3228;105994;7.1274;502;65;60
CATALUNYA;CATALUNYA;2020-09-13;2020-09-19;No;230.482;1.28667;97.7221;7434;1364.2323;103781;7.1937;500;64;61
CATALUNYA;CATALUNYA;2020-09-13;2020-09-19;--;;;0.0000;122;0.0000;931;7.9208;40;4;0
CATALUNYA;CATALUNYA;2020-09-13;2020-09-19;Si;;;362.3412;234;6000.3096;3875;7.0924;25;1;19
CATALUNYA;CATALUNYA;2020-09-12;2020-09-18;--;;;0.0000;130;0.0000;922;8.7875;36;5;0
CATALUNYA;CATALUNYA;2020-09-12;2020-09-18;Si;;;421.1830;272;5970.8888;3856;8.0378;28;1;15
CATALUNYA;CATALUNYA;2020-09-12;2020-09-18;No;224.958;1.25381;98.6949;7508;1329.3184;101125;7.4684;498;65;59
CATALUNYA;CATALUNYA;2020-09-11;2020-09-17;--;;;0.0000;114;0.0000;821;8.7173;32;5;0
CATALUNYA;CATALUNYA;2020-09-11;2020-09-17;Si;;;374.7290;242;5106.8442;3298;8.2182;29;1;16
CATALUNYA;CATALUNYA;2020-09-11;2020-09-17;No;193.749;1.07946;88.5598;6737;1142.2607;86895;7.6781;465;65;58
CATALUNYA;CATALUNYA;2020-09-10;2020-09-16;No;179.634;1.00695;88.3364;6720;1138.4092;86602;7.9545;470;67;57
CATALUNYA;CATALUNYA;2020-09-10;2020-09-16;--;;;0.0000;109;0.0000;759;9.1521;33;6;0
CATALUNYA;CATALUNYA;2020-09-10;2020-09-16;Si;;;371.6320;240;5439.7646;3513;7.4348;32;1;18
CATALUNYA;CATALUNYA;2020-09-09;2020-09-15;Si;;;312.7903;202;5747.9095;3712;5.8341;27;0;18
CATALUNYA;CATALUNYA;2020-09-09;2020-09-15;No;167.083;0.949467;86.0885;6549;1108.1487;84300;7.9450;466;70;56
CATALUNYA;CATALUNYA;2020-09-09;2020-09-15;--;;;0.0000;112;0.0000;833;8.2411;33;6;0
CATALUNYA;CATALUNYA;2020-09-08;2020-09-14;--;;;0.0000;118;0.0000;850;8.6435;39;7;0
CATALUNYA;CATALUNYA;2020-09-08;2020-09-14;Si;;;322.0811;208;6198.5134;4003;5.2407;23;0;19
CATALUNYA;CATALUNYA;2020-09-08;2020-09-14;No;162.001;0.93739;82.9074;6307;1088.7725;82826;7.7634;463;69;54
CATALUNYA;CATALUNYA;2020-09-07;2020-09-13;No;160.203;0.930525;82.0792;6244;1083.1595;82399;7.7719;467;73;53
CATALUNYA;CATALUNYA;2020-09-07;2020-09-13;--;;;0.0000;125;0.0000;893;7.8857;33;7;0
CATALUNYA;CATALUNYA;2020-09-07;2020-09-13;Si;;;277.1755;179;5698.3586;3680;5.3145;27;0;12
CATALUNYA;CATALUNYA;2020-09-06;2020-09-12;Si;;;213.6884;138;5647.2592;3647;4.0887;33;0;18
CATALUNYA;CATALUNYA;2020-09-06;2020-09-12;No;166.236;0.959995;81.4088;6193;1079.4788;82119;7.8251;466;70;49
CATALUNYA;CATALUNYA;2020-09-06;2020-09-12;--;;;0.0000;130;0.0000;890;7.9038;34;5;0
CATALUNYA;CATALUNYA;2020-09-05;2020-09-11;--;;;0.0000;128;0.0000;867;7.5294;37;4;0
CATALUNYA;CATALUNYA;2020-09-05;2020-09-11;Si;;;136.2650;88;5507.8971;3557;3.2658;34;1;18
CATALUNYA;CATALUNYA;2020-09-05;2020-09-11;No;170.991;0.989484;80.7252;6141;1088.0232;82769;7.7151;473;78;54
CATALUNYA;CATALUNYA;2020-09-04;2020-09-10;No;186.883;1.02544;90.9260;6917;1250.7095;95145;7.6489;488;76;58
CATALUNYA;CATALUNYA;2020-09-04;2020-09-10;--;;;0.0000;139;0.0000;1023;6.8794;39;5;0
CATALUNYA;CATALUNYA;2020-09-04;2020-09-10;Si;;;148.6528;96;6994.4255;4517;2.7906;35;1;18
CATALUNYA;CATALUNYA;2020-09-03;2020-09-09;No;185.832;1.02093;90.0584;6851;1242.6251;94530;7.4484;463;73;52
CATALUNYA;CATALUNYA;2020-09-03;2020-09-09;--;;;0.0000;142;0.0000;1106;6.2673;37;3;0
CATALUNYA;CATALUNYA;2020-09-03;2020-09-09;Si;;;167.2344;108;7440.3840;4805;3.1894;35;1;24
CATALUNYA;CATALUNYA;2020-09-02;2020-09-08;--;;;0.0000;135;0.0000;1123;5.6159;33;3;0
CATALUNYA;CATALUNYA;2020-09-02;2020-09-08;Si;;;229.1731;148;7155.4660;4621;3.7388;36;1;25
CATALUNYA;CATALUNYA;2020-09-02;2020-09-08;No;187.201;1.01316;89.8875;6838;1271.1241;96698;7.2136;465;77;47
CATALUNYA;CATALUNYA;2020-09-01;2020-09-07;No;187.72;1.00623;89.9138;6840;1288.9623;98055;7.1668;455;82;49
CATALUNYA;CATALUNYA;2020-09-01;2020-09-07;--;;;0.0000;136;0.0000;1192;5.6314;32;1;0
CATALUNYA;CATALUNYA;2020-09-01;2020-09-07;Si;;;240.0123;155;7172.4992;4632;3.8699;39;1;28
CATALUNYA;CATALUNYA;2020-08-31;2020-09-06;No;189.111;1.00043;90.0847;6853;1294.4570;98473;7.2731;452;82;49
CATALUNYA;CATALUNYA;2020-08-31;2020-09-06;--;;;0.0000;121;0.0000;1055;5.4211;31;1;0
CATALUNYA;CATALUNYA;2020-08-31;2020-09-06;Si;;;236.9154;153;7308.7643;4720;3.6185;38;1;27
CATALUNYA;CATALUNYA;2020-08-30;2020-09-05;--;;;0.0000;117;0.0000;1055;5.0290;26;2;0
CATALUNYA;CATALUNYA;2020-08-30;2020-09-05;Si;;;227.6246;147;7307.2158;4719;3.4607;35;1;26
CATALUNYA;CATALUNYA;2020-08-30;2020-09-05;No;189.275;0.99562;91.7541;6980;1303.4747;99159;7.2878;443;82;51
CATALUNYA;CATALUNYA;2020-08-29;2020-09-04;--;;;0.0000;110;0.0000;1051;5.0436;25;2;0
CATALUNYA;CATALUNYA;2020-08-29;2020-09-04;Si;;;221.4307;143;7344.3790;4743;3.2042;31;0;28
CATALUNYA;CATALUNYA;2020-08-29;2020-09-04;No;187.91;0.98742;92.0828;7005;1295.5481;98556;7.3008;438;77;45
CATALUNYA;CATALUNYA;2020-08-28;2020-09-03;No;190.245;0.998101;91.3203;6947;1297.3884;98696;7.1880;423;78;43
CATALUNYA;CATALUNYA;2020-08-28;2020-09-03;--;;;0.0000;119;0.0000;1074;4.8571;22;1;0
CATALUNYA;CATALUNYA;2020-08-28;2020-09-03;Si;;;236.9154;153;7017.6525;4532;3.6034;32;0;29
CATALUNYA;CATALUNYA;2020-08-27;2020-09-02;--;;;0.0000;121;0.0000;1073;4.7619;25;1;0
CATALUNYA;CATALUNYA;2020-08-27;2020-09-02;Si;;;236.9154;153;6625.8903;4279;3.6138;29;0;24
CATALUNYA;CATALUNYA;2020-08-27;2020-09-02;No;193.795;1.01233;91.9645;6996;1297.9274;98737;7.2787;454;82;46
CATALUNYA;CATALUNYA;2020-08-26;2020-09-01;--;;;0.0000;128;0.0000;1072;5.4286;29;1;0
CATALUNYA;CATALUNYA;2020-08-26;2020-09-01;Si;;;236.9154;153;6982.0377;4509;3.9826;34;0;26
CATALUNYA;CATALUNYA;2020-08-26;2020-09-01;No;199.541;1.03115;94.8827;7218;1332.9333;101400;7.3982;445;72;45
CATALUNYA;CATALUNYA;2020-08-25;2020-08-31;No;203.075;1.04495;96.6442;7352;1330.6066;101223;7.4228;450;64;40
CATALUNYA;CATALUNYA;2020-08-25;2020-08-31;--;;;0.0000;128;0.0000;1033;5.3360;27;1;0
CATALUNYA;CATALUNYA;2020-08-25;2020-08-31;Si;;;263.2393;170;7102.8182;4587;4.3456;34;0;24
CATALUNYA;CATALUNYA;2020-08-24;2020-08-30;Si;;;258.5939;167;7209.6624;4656;4.1483;32;0;31
CATALUNYA;CATALUNYA;2020-08-24;2020-08-30;No;204.737;1.05815;98.9446;7527;1350.9950;102774;7.3281;450;66;40
CATALUNYA;CATALUNYA;2020-08-24;2020-08-30;--;;;0.0000;140;0.0000;1175;5.7242;28;2;0
CATALUNYA;CATALUNYA;2020-08-23;2020-08-29;--;;;0.0000;142;0.0000;1172;5.9130;32;2;0
CATALUNYA;CATALUNYA;2020-08-23;2020-08-29;Si;;;269.4332;174;7246.8256;4680;4.7004;32;1;30
CATALUNYA;CATALUNYA;2020-08-23;2020-08-29;No;206.447;1.0715;98.3531;7482;1354.3602;103030;7.2826;444;67;42
CATALUNYA;CATALUNYA;2020-08-22;2020-08-28;No;211.586;1.10239;98.2216;7472;1370.9232;104290;7.1744;443;64;43
CATALUNYA;CATALUNYA;2020-08-22;2020-08-28;--;;;0.0000;143;0.0000;1160;5.8979;33;3;0
CATALUNYA;CATALUNYA;2020-08-22;2020-08-28;Si;;;291.1117;188;7451.2232;4812;4.5887;32;1;32
CATALUNYA;CATALUNYA;2020-08-21;2020-08-27;Si;;;301.9510;195;7465.1594;4821;4.4418;31;1;32
CATALUNYA;CATALUNYA;2020-08-21;2020-08-27;No;215.794;1.13167;99.2864;7553;1350.7452;102755;7.4012;462;70;36
CATALUNYA;CATALUNYA;2020-08-21;2020-08-27;--;;;0.0000;144;0.0000;1086;6.3089;35;4;0
CATALUNYA;CATALUNYA;2020-08-20;2020-08-26;--;;;0.0000;139;0.0000;1068;6.6155;31;5;0
CATALUNYA;CATALUNYA;2020-08-20;2020-08-26;Si;;;300.4026;194;6992.8770;4516;4.6553;30;1;33
CATALUNYA;CATALUNYA;2020-08-20;2020-08-26;No;217.052;1.15008;99.4704;7567;1297.5067;98705;7.7291;440;66;36
CATALUNYA;CATALUNYA;2020-08-19;2020-08-25;No;214.447;1.15979;98.6291;7503;1230.5051;93608;7.9613;463;70;40
CATALUNYA;CATALUNYA;2020-08-19;2020-08-25;--;;;0.0000;130;0.0000;1038;5.9172;28;6;0
CATALUNYA;CATALUNYA;2020-08-19;2020-08-25;Si;;;218.3338;141;6534.5308;4220;3.6833;27;2;31
CATALUNYA;CATALUNYA;2020-08-18;2020-08-24;No;212.149;1.16601;97.6958;7432;1190.1885;90541;8.1854;480;77;43
CATALUNYA;CATALUNYA;2020-08-18;2020-08-24;--;;;0.0000;122;0.0000;1024;5.3000;27;7;0
CATALUNYA;CATALUNYA;2020-08-18;2020-08-24;Si;;;190.4614;123;6424.5896;4149;3.2481;29;3;31
CATALUNYA;CATALUNYA;2020-08-17;2020-08-23;--;;;0.0000;116;0.0000;1003;5.7986;25;6;0
CATALUNYA;CATALUNYA;2020-08-17;2020-08-23;Si;;;178.0737;115;6056.0545;3911;3.2752;33;3;27
CATALUNYA;CATALUNYA;2020-08-17;2020-08-23;No;207.488;1.16566;94.5409;7192;1131.3501;86065;8.4501;479;81;41
CATALUNYA;CATALUNYA;2020-08-16;2020-08-22;No;206.188;1.16463;94.3175;7175;1127.4460;85768;8.4435;493;78;38
CATALUNYA;CATALUNYA;2020-08-16;2020-08-22;--;;;0.0000;111;0.0000;999;5.8282;25;5;0
CATALUNYA;CATALUNYA;2020-08-16;2020-08-22;Si;;;174.9767;113;6083.9269;3929;2.6870;33;2;24
CATALUNYA;CATALUNYA;2020-08-15;2020-08-21;No;202.766;1.14838;93.7128;7129;1105.6117;84107;8.6592;508;78;39
CATALUNYA;CATALUNYA;2020-08-15;2020-08-21;--;;;0.0000;109;0.0000;988;5.5785;25;4;0
CATALUNYA;CATALUNYA;2020-08-15;2020-08-21;Si;;;157.9436;102;5840.8175;3772;2.8590;33;2;22
CATALUNYA;CATALUNYA;2020-08-14;2020-08-20;--;;;0.0000;109;0.0000;1074;6.0172;26;3;0
CATALUNYA;CATALUNYA;2020-08-14;2020-08-20;Si;;;122.3288;79;5332.9204;3444;3.0303;33;2;26
CATALUNYA;CATALUNYA;2020-08-14;2020-08-20;No;194.635;1.12357;91.3992;6953;1067.9109;81239;8.7381;500;69;45
CATALUNYA;CATALUNYA;2020-08-13;2020-08-19;--;;;0.0000;126;0.0000;1083;6.9943;27;3;0
CATALUNYA;CATALUNYA;2020-08-13;2020-08-19;Si;;;113.0380;73;5715.3917;3691;2.5524;39;3;24
CATALUNYA;CATALUNYA;2020-08-13;2020-08-19;No;187.65;1.10823;89.2565;6790;1066.3204;81118;8.4481;497;69;43
CATALUNYA;CATALUNYA;2020-08-12;2020-08-18;No;182.627;1.09965;86.2726;6563;1056.7243;80388;8.3189;476;65;38
CATALUNYA;CATALUNYA;2020-08-12;2020-08-18;--;;;0.0000;130;0.0000;1038;7.8373;26;3;0
CATALUNYA;CATALUNYA;2020-08-12;2020-08-18;Si;;;151.7497;98;6011.1489;3882;3.3137;43;2;25
CATALUNYA;CATALUNYA;2020-08-11;2020-08-17;--;;;0.0000;132;0.0000;1019;8.7702;25;2;0
CATALUNYA;CATALUNYA;2020-08-11;2020-08-17;Si;;;204.3976;132;5845.4629;3775;4.3329;45;1;27
CATALUNYA;CATALUNYA;2020-08-11;2020-08-17;No;179.154;1.0945;84.2482;6409;1039.6354;79088;8.2035;465;62;37
CATALUNYA;CATALUNYA;2020-08-10;2020-08-16;--;;;0.0000;131;0.0000;1046;8.5462;23;2;0
CATALUNYA;CATALUNYA;2020-08-10;2020-08-16;Si;;;230.7215;149;5799.0089;3745;4.7289;43;1;25
CATALUNYA;CATALUNYA;2020-08-10;2020-08-16;No;177.135;1.09305;83.4595;6349;1048.5216;79764;8.0791;455;58;43
CATALUNYA;CATALUNYA;2020-08-09;2020-08-15;No;175.513;1.09262;82.7233;6293;1044.9329;79491;8.0759;460;62;41
CATALUNYA;CATALUNYA;2020-08-09;2020-08-15;--;;;0.0000;130;0.0000;1043;8.5630;20;3;0
CATALUNYA;CATALUNYA;2020-08-09;2020-08-15;Si;;;226.0761;146;5689.0678;3674;4.7588;44;2;29
CATALUNYA;CATALUNYA;2020-08-08;2020-08-14;Si;;;226.0761;146;5938.3710;3835;4.6904;44;3;29
CATALUNYA;CATALUNYA;2020-08-08;2020-08-14;No;175.21;1.09485;82.8548;6303;1076.7709;81913;7.7940;460;62;37
CATALUNYA;CATALUNYA;2020-08-08;2020-08-14;--;;;0.0000;129;0.0000;1055;8.6745;19;3;0
CATALUNYA;CATALUNYA;2020-08-07;2020-08-13;--;;;0.0000;122;0.0000;954;8.9056;16;3;0
CATALUNYA;CATALUNYA;2020-08-07;2020-08-13;Si;;;315.8872;204;6011.1489;3882;5.9611;47;3;23
CATALUNYA;CATALUNYA;2020-08-07;2020-08-13;No;173.126;1.08352;81.8294;6225;1076.0216;81856;7.6720;457;68;35
CATALUNYA;CATALUNYA;2020-08-06;2020-08-12;No;169.952;1.06655;80.0680;6091;1070.8818;81465;7.6470;469;77;37
CATALUNYA;CATALUNYA;2020-08-06;2020-08-12;--;;;0.0000;121;0.0000;1006;7.8491;17;3;0
CATALUNYA;CATALUNYA;2020-08-06;2020-08-12;Si;;;353.0504;228;5939.9194;3836;6.7240;43;2;23
CATALUNYA;CATALUNYA;2020-08-05;2020-08-11;Si;;;326.7265;211;5955.4041;3846;6.0615;42;3;23
CATALUNYA;CATALUNYA;2020-08-05;2020-08-11;No;168.096;1.05118;79.8051;6071;1057.2238;80426;7.7413;474;79;35
CATALUNYA;CATALUNYA;2020-08-05;2020-08-11;--;;;0.0000;114;0.0000;1103;6.8646;18;3;0
CATALUNYA;CATALUNYA;2020-08-04;2020-08-10;--;;;0.0000;121;0.0000;1167;6.5026;23;5;0
CATALUNYA;CATALUNYA;2020-08-04;2020-08-10;Si;;;297.3056;192;5984.8250;3865;5.6895;37;3;23
CATALUNYA;CATALUNYA;2020-08-04;2020-08-10;No;166.516;1.03441;79.4370;6043;1057.1055;80417;7.8060;460;80;36
CATALUNYA;CATALUNYA;2020-08-03;2020-08-09;No;164.847;1.01888;78.5957;5979;1029.3295;78304;7.8557;465;75;27
CATALUNYA;CATALUNYA;2020-08-03;2020-08-09;--;;;0.0000;128;0.0000;1155;6.3055;26;25;0
CATALUNYA;CATALUNYA;2020-08-03;2020-08-09;Si;;;283.3694;183;6083.9269;3929;5.5185;40;3;26
CATALUNYA;CATALUNYA;2020-08-02;2020-08-08;No;162.224;1.00512;77.9121;5927;1023.7164;77877;7.8624;456;73;27
CATALUNYA;CATALUNYA;2020-08-02;2020-08-08;--;;;0.0000;131;0.0000;1159;6.2002;39;26;0
CATALUNYA;CATALUNYA;2020-08-02;2020-08-08;Si;;;286.4663;185;6292.9699;4064;5.4236;41;2;25
CATALUNYA;CATALUNYA;2020-08-01;2020-08-07;--;;;0.0000;132;0.0000;1159;6.2776;49;28;0
CATALUNYA;CATALUNYA;2020-08-01;2020-08-07;Si;;;289.5633;187;6455.5589;4169;5.2662;46;1;26
CATALUNYA;CATALUNYA;2020-08-01;2020-08-07;No;160.356;0.997446;77.1760;5871;995.2174;75709;8.1080;451;75;32
CATALUNYA;CATALUNYA;2020-07-31;2020-08-06;No;163.773;1.0197;77.9516;5930;989.4335;75269;8.2937;460;81;34
CATALUNYA;CATALUNYA;2020-07-31;2020-08-06;--;;;0.0000;130;0.0000;1167;6.3213;65;30;0
CATALUNYA;CATALUNYA;2020-07-31;2020-08-06;Si;;;213.6884;138;6579.4363;4249;3.8688;47;1;28
CATALUNYA;CATALUNYA;2020-07-30;2020-08-05;No;168.376;1.03497;79.2793;6031;982.5585;74746;8.4489;450;75;38
CATALUNYA;CATALUNYA;2020-07-30;2020-08-05;--;;;0.0000;115;0.0000;1161;5.9083;72;29;0
CATALUNYA;CATALUNYA;2020-07-30;2020-08-05;Si;;;202.8491;131;6444.7197;4162;4.1572;51;1;29
CATALUNYA;CATALUNYA;2020-07-29;2020-08-04;--;;;0.0000;133;0.0000;1168;6.9869;75;29;0
CATALUNYA;CATALUNYA;2020-07-29;2020-08-04;Si;;;269.4332;174;6406.0080;4137;5.3500;57;0;28
CATALUNYA;CATALUNYA;2020-07-29;2020-08-04;No;171.563;1.04821;80.1074;6094;1012.1223;76995;8.3360;453;75;41
CATALUNYA;CATALUNYA;2020-07-28;2020-08-03;--;;;0.0000;132;0.0000;1104;7.2022;74;27;0
CATALUNYA;CATALUNYA;2020-07-28;2020-08-03;Si;;;301.9510;195;6339.4239;4094;5.6834;60;0;27
CATALUNYA;CATALUNYA;2020-07-28;2020-08-03;No;174.812;1.05594;81.5402;6203;1000.9093;76142;8.5034;465;78;40
CATALUNYA;CATALUNYA;2020-07-27;2020-08-02;No;177.128;1.06225;83.1966;6329;999.1216;76006;8.5011;469;86;45
CATALUNYA;CATALUNYA;2020-07-27;2020-08-02;--;;;0.0000;116;0.0000;1079;6.9129;85;7;0
CATALUNYA;CATALUNYA;2020-07-27;2020-08-02;Si;;;298.8541;193;6077.7330;3925;5.6879;60;0;27
CATALUNYA;CATALUNYA;2020-07-26;2020-08-01;--;;;0.0000;114;0.0000;1082;6.9877;84;5;0
CATALUNYA;CATALUNYA;2020-07-26;2020-08-01;Si;;;298.8541;193;6087.0238;3931;5.7331;56;0;28
CATALUNYA;CATALUNYA;2020-07-26;2020-08-01;No;177.151;1.05972;83.4857;6351;1010.3345;76859;8.5396;515;95;47
CATALUNYA;CATALUNYA;2020-07-25;2020-07-31;--;;;0.0000;117;0.0000;1100;6.8646;76;4;0
CATALUNYA;CATALUNYA;2020-07-25;2020-07-31;Si;;;306.5964;198;5987.9219;3867;5.8220;60;0;28
CATALUNYA;CATALUNYA;2020-07-25;2020-07-31;No;177.494;1.05628;83.5909;6359;1008.8228;76744;8.4754;510;97;49
CATALUNYA;CATALUNYA;2020-07-24;2020-07-30;No;175.907;1.06179;82.6576;6288;1009.1909;76772;8.2811;549;100;46
CATALUNYA;CATALUNYA;2020-07-24;2020-07-30;--;;;0.0000;126;0.0000;1075;7.5758;74;2;0
CATALUNYA;CATALUNYA;2020-07-24;2020-07-30;Si;;;315.8872;204;5873.3353;3793;6.0994;70;0;27
CATALUNYA;CATALUNYA;2020-07-23;2020-07-29;Si;;;280.2725;181;5933.7256;3832;5.1182;78;0;25
CATALUNYA;CATALUNYA;2020-07-23;2020-07-29;No;178.004;1.08478;83.4069;6345;1018.0114;77443;8.1701;581;106;38
CATALUNYA;CATALUNYA;2020-07-23;2020-07-29;--;;;0.0000;149;0.0000;1057;8.4697;76;2;0
CATALUNYA;CATALUNYA;2020-07-22;2020-07-28;--;;;0.0000;142;0.0000;1032;8.3004;76;1;0
CATALUNYA;CATALUNYA;2020-07-22;2020-07-28;Si;;;221.4307;143;6045.2152;3904;3.8218;67;0;24
CATALUNYA;CATALUNYA;2020-07-22;2020-07-28;No;179.533;1.11408;83.5646;6357;985.6608;74982;8.3824;598;138;37
CATALUNYA;CATALUNYA;2020-07-21;2020-07-27;No;179.828;1.15326;84.0116;6391;972.8573;74008;8.5291;617;153;39
CATALUNYA;CATALUNYA;2020-07-21;2020-07-27;--;;;0.0000;144;0.0000;1001;8.7576;82;1;0
CATALUNYA;CATALUNYA;2020-07-21;2020-07-27;Si;;;157.9436;102;5925.9832;3827;2.8457;66;0;21
CATALUNYA;CATALUNYA;2020-07-20;2020-07-26;Si;;;178.0737;115;6087.0238;3931;3.2782;61;2;19
CATALUNYA;CATALUNYA;2020-07-20;2020-07-26;No;179.169;1.1955;83.5515;6356;959.1993;72969;8.6316;640;155;39
CATALUNYA;CATALUNYA;2020-07-20;2020-07-26;--;;;0.0000;165;0.0000;984;9.2879;71;2;0
CATALUNYA;CATALUNYA;2020-07-19;2020-07-25;--;;;0.0000;168;0.0000;975;9.1571;62;2;0
CATALUNYA;CATALUNYA;2020-07-19;2020-07-25;Si;;;192.0099;124;6195.4165;4001;3.4251;72;2;13
CATALUNYA;CATALUNYA;2020-07-19;2020-07-25;No;185.36;1.25041;83.6829;6366;942.5836;71705;8.6945;603;151;39
CATALUNYA;CATALUNYA;2020-07-18;2020-07-24;No;195.857;1.34398;84.4454;6424;931.5285;70864;8.9120;594;142;32
CATALUNYA;CATALUNYA;2020-07-18;2020-07-24;--;;;0.0000;202;0.0000;999;11.6751;65;3;0
CATALUNYA;CATALUNYA;2020-07-18;2020-07-24;Si;;;230.7215;149;6206.2558;4008;4.6450;65;2;11
CATALUNYA;CATALUNYA;2020-07-17;2020-07-23;No;203.254;1.45924;83.0125;6315;887.6232;67524;9.2204;540;137;31
CATALUNYA;CATALUNYA;2020-07-17;2020-07-23;--;;;0.0000;216;0.0000;1064;12.2857;55;4;0
CATALUNYA;CATALUNYA;2020-07-17;2020-07-23;Si;;;221.4307;143;6130.3809;3959;4.7323;52;2;9
CATALUNYA;CATALUNYA;2020-07-16;2020-07-22;--;;;0.0000;223;0.0000;1048;12.9845;51;6;0
CATALUNYA;CATALUNYA;2020-07-16;2020-07-22;Si;;;235.3669;152;5854.7537;3781;4.7708;42;2;8
CATALUNYA;CATALUNYA;2020-07-16;2020-07-22;No;200.603;1.52834;80.6858;6138;841.7592;64035;9.4032;510;132;29
CATALUNYA;CATALUNYA;2020-07-15;2020-07-21;No;192.868;1.56652;77.5835;5902;797.2755;60651;9.3367;464;103;25
CATALUNYA;CATALUNYA;2020-07-15;2020-07-21;--;;;0.0000;225;0.0000;997;14.0530;49;9;0
CATALUNYA;CATALUNYA;2020-07-15;2020-07-21;Si;;;291.1117;188;5565.1904;3594;6.3735;44;2;9
CATALUNYA;CATALUNYA;2020-07-14;2020-07-20;No;180.119;1.59105;71.9179;5471;741.3028;56393;9.1228;447;79;19
CATALUNYA;CATALUNYA;2020-07-14;2020-07-20;--;;;0.0000;229;0.0000;963;14.0000;41;9;0
CATALUNYA;CATALUNYA;2020-07-14;2020-07-20;Si;;;289.5633;187;5510.9941;3559;6.4000;44;2;9
CATALUNYA;CATALUNYA;2020-07-13;2020-07-19;--;;;0.0000;204;0.0000;905;13.5955;39;8;0
CATALUNYA;CATALUNYA;2020-07-13;2020-07-19;Si;;;266.3363;172;5514.0910;3561;5.8879;44;0;7
CATALUNYA;CATALUNYA;2020-07-13;2020-07-19;No;164.884;1.61285;66.3180;5045;705.1532;53643;9.0466;406;76;13
CATALUNYA;CATALUNYA;2020-07-12;2020-07-18;--;;;0.0000;203;0.0000;911;13.8393;36;8;0
CATALUNYA;CATALUNYA;2020-07-12;2020-07-18;Si;;;253.9485;164;5427.3768;3505;5.9107;34;0;9
CATALUNYA;CATALUNYA;2020-07-12;2020-07-18;No;162.132;1.63557;64.5565;4911;693.5328;52759;8.8722;372;67;11
CATALUNYA;CATALUNYA;2020-07-11;2020-07-17;No;158.445;1.68649;61.2833;4662;661.6686;50335;8.6973;361;66;12
CATALUNYA;CATALUNYA;2020-07-11;2020-07-17;--;;;0.0000;174;0.0000;867;11.3850;31;6;0
CATALUNYA;CATALUNYA;2020-07-11;2020-07-17;Si;;;204.3976;132;5078.9718;3280;4.6303;32;0;9
CATALUNYA;CATALUNYA;2020-07-10;2020-07-16;--;;;0.0000;148;0.0000;754;9.9730;34;7;0
CATALUNYA;CATALUNYA;2020-07-10;2020-07-16;Si;;;195.1068;126;4979.8699;3216;4.4034;31;0;9
CATALUNYA;CATALUNYA;2020-07-10;2020-07-16;No;148.732;1.74983;56.2750;4281;621.9435;47313;8.5560;342;55;11
CATALUNYA;CATALUNYA;2020-07-09;2020-07-15;--;;;0.0000;112;0.0000;630;8.6957;26;5;0
CATALUNYA;CATALUNYA;2020-07-09;2020-07-15;Si;;;187.3645;121;5240.0123;3384;4.4319;24;0;10
CATALUNYA;CATALUNYA;2020-07-09;2020-07-15;No;136.364;1.80441;50.5699;3847;579.0241;44048;8.2949;315;53;10
CATALUNYA;CATALUNYA;2020-07-08;2020-07-14;No;123.465;1.82588;45.5353;3464;545.7665;41518;7.8910;322;51;12
CATALUNYA;CATALUNYA;2020-07-08;2020-07-14;--;;;0.0000;99;0.0000;546;7.8067;23;3;0
CATALUNYA;CATALUNYA;2020-07-08;2020-07-14;Si;;;136.2650;88;5058.8417;3267;3.1239;23;0;9
CATALUNYA;CATALUNYA;2020-07-07;2020-07-13;Si;;;165.6859;107;4967.4821;3208;2.9968;24;1;10
CATALUNYA;CATALUNYA;2020-07-07;2020-07-13;No;111.375;1.84147;41.2893;3141;528.5987;40212;7.3335;284;49;14
CATALUNYA;CATALUNYA;2020-07-07;2020-07-13;--;;;0.0000;74;0.0000;507;7.4148;20;4;0
CATALUNYA;CATALUNYA;2020-07-06;2020-07-12;--;;;0.0000;75;0.0000;462;8.3333;20;5;0
CATALUNYA;CATALUNYA;2020-07-06;2020-07-12;Si;;;150.2013;97;4645.4010;3000;2.8616;28;1;12
CATALUNYA;CATALUNYA;2020-07-06;2020-07-12;No;97.2513;1.8335;35.9129;2732;506.8564;38558;6.6510;263;37;12
CATALUNYA;CATALUNYA;2020-07-05;2020-07-11;No;93.2328;1.83032;34.5721;2630;495.8801;37723;6.5414;262;37;10
CATALUNYA;CATALUNYA;2020-07-05;2020-07-11;--;;;0.0000;71;0.0000;450;7.8829;23;5;0
CATALUNYA;CATALUNYA;2020-07-05;2020-07-11;Si;;;140.9104;91;4391.4524;2836;2.5082;28;1;10
CATALUNYA;CATALUNYA;2020-07-04;2020-07-10;Si;;;148.6528;96;4295.4475;2774;2.9114;29;1;9
CATALUNYA;CATALUNYA;2020-07-04;2020-07-10;No;86.1683;1.78807;32.6660;2485;482.1827;36681;6.3522;244;40;11
CATALUNYA;CATALUNYA;2020-07-04;2020-07-10;--;;;0.0000;62;0.0000;429;7.8014;24;5;0
CATALUNYA;CATALUNYA;2020-07-03;2020-07-09;--;;;0.0000;53;0.0000;377;6.7385;18;3;0
CATALUNYA;CATALUNYA;2020-07-03;2020-07-09;Si;;;133.1681;86;4010.5295;2590;2.7151;26;1;11
CATALUNYA;CATALUNYA;2020-07-03;2020-07-09;No;73.6454;1.71171;28.7224;2185;465.0281;35376;5.4388;251;35;13
CATALUNYA;CATALUNYA;2020-07-02;2020-07-08;No;62.5936;1.63463;25.0023;1902;449.1880;34171;4.9173;232;29;14
CATALUNYA;CATALUNYA;2020-07-02;2020-07-08;--;;;0.0000;45;0.0000;346;6.7449;17;3;0
CATALUNYA;CATALUNYA;2020-07-02;2020-07-08;Si;;;116.1350;75;3603.2827;2327;2.4116;29;1;11
CATALUNYA;CATALUNYA;2020-07-01;2020-07-07;No;53.7617;1.63592;22.0841;1680;436.8971;33236;4.4496;211;23;16
CATALUNYA;CATALUNYA;2020-07-01;2020-07-07;--;;;0.0000;38;0.0000;316;4.7923;17;2;0
CATALUNYA;CATALUNYA;2020-07-01;2020-07-07;Si;;;83.6172;54;3415.9182;2206;1.6027;28;1;10
CATALUNYA;CATALUNYA;2020-06-30;2020-07-06;--;;;0.0000;33;0.0000;303;3.6667;17;1;0
CATALUNYA;CATALUNYA;2020-06-30;2020-07-06;Si;;;40.2601;26;3284.2985;2121;1.4572;26;0;10
CATALUNYA;CATALUNYA;2020-06-30;2020-07-06;No;47.8544;1.64501;19.1921;1460;428.2738;32580;3.9343;188;22;17
CATALUNYA;CATALUNYA;2020-06-29;2020-07-05;No;43.5124;1.67941;17.1283;1303;429.8250;32698;3.7170;189;19;17
CATALUNYA;CATALUNYA;2020-06-29;2020-07-05;--;;;0.0000;24;0.0000;276;3.6630;16;0;0
CATALUNYA;CATALUNYA;2020-06-29;2020-07-05;Si;;;37.1632;24;3134.0972;2024;1.4916;24;0;10
CATALUNYA;CATALUNYA;2020-06-28;2020-07-04;No;41.6902;1.67715;16.3658;1245;429.3123;32659;3.6185;182;15;17
CATALUNYA;CATALUNYA;2020-06-28;2020-07-04;--;;;0.0000;24;0.0000;272;3.3457;11;0;0
CATALUNYA;CATALUNYA;2020-06-28;2020-07-04;Si;;;37.1632;24;3185.1966;2057;1.4706;23;0;11
CATALUNYA;CATALUNYA;2020-06-27;2020-07-03;--;;;0.0000;21;0.0000;283;2.8571;7;0;0
CATALUNYA;CATALUNYA;2020-06-27;2020-07-03;Si;;;24.7754;16;3211.5205;2074;0.9622;23;0;11
CATALUNYA;CATALUNYA;2020-06-27;2020-07-03;No;40.2245;1.69341;15.5245;1181;433.4399;32973;3.4310;189;13;15
CATALUNYA;CATALUNYA;2020-06-26;2020-07-02;--;;;0.0000;18;0.0000;290;3.1359;5;0;0
CATALUNYA;CATALUNYA;2020-06-26;2020-07-02;Si;;;38.7116;25;3397.3366;2194;1.4484;26;0;11
CATALUNYA;CATALUNYA;2020-06-26;2020-07-02;No;35.4232;1.65423;14.3020;1088;438.8163;33382;3.0923;162;17;13
CATALUNYA;CATALUNYA;2020-06-25;2020-07-01;No;31.7538;1.60186;13.2898;1011;423.8570;32244;2.7053;168;15;14
CATALUNYA;CATALUNYA;2020-06-25;2020-07-01;--;;;0.0000;18;0.0000;314;2.5723;4;1;0
CATALUNYA;CATALUNYA;2020-06-25;2020-07-01;Si;;;35.6147;23;3200.6813;2067;1.4221;26;0;11
CATALUNYA;CATALUNYA;2020-06-24;2020-06-30;--;;;0.0000;11;0.0000;270;2.2556;3;1;0
CATALUNYA;CATALUNYA;2020-06-24;2020-06-30;Si;;;35.6147;23;2830.5977;1828;1.7024;28;0;12
CATALUNYA;CATALUNYA;2020-06-24;2020-06-30;No;26.4212;1.51123;10.7791;820;375.8109;28589;2.4742;155;14;9
CATALUNYA;CATALUNYA;2020-06-23;2020-06-29;--;;;0.0000;19;0.0000;268;3.4351;3;1;0
CATALUNYA;CATALUNYA;2020-06-23;2020-06-29;Si;;;43.3570;28;2819.7584;1821;2.1705;29;0;11
CATALUNYA;CATALUNYA;2020-06-23;2020-06-29;No;23.6265;1.45533;9.8984;753;376.0475;28607;2.2860;164;15;6
CATALUNYA;CATALUNYA;2020-06-22;2020-06-28;No;20.8885;1.39146;8.7810;668;367.0824;27925;2.2636;164;19;10
CATALUNYA;CATALUNYA;2020-06-22;2020-06-28;--;;;0.0000;16;0.0000;258;2.7778;11;1;0
CATALUNYA;CATALUNYA;2020-06-22;2020-06-28;Si;;;43.3570;28;2875.5032;1857;2.1756;29;0;11
CATALUNYA;CATALUNYA;2020-06-21;2020-06-27;Si;;;43.3570;28;2819.7584;1821;2.2205;29;0;11
CATALUNYA;CATALUNYA;2020-06-21;2020-06-27;No;19.4213;1.34557;8.4918;646;365.1632;27779;2.1588;160;19;12
CATALUNYA;CATALUNYA;2020-06-21;2020-06-27;--;;;0.0000;16;0.0000;259;2.7668;11;1;0
CATALUNYA;CATALUNYA;2020-06-20;2020-06-26;--;;;0.0000;17;0.0000;246;2.9167;12;1;0
CATALUNYA;CATALUNYA;2020-06-20;2020-06-26;Si;;;43.3570;28;2818.2099;1820;2.2013;32;0;14
CATALUNYA;CATALUNYA;2020-06-20;2020-06-26;No;17.9018;1.27394;8.2289;626;363.7567;27672;2.1566;145;16;14
CATALUNYA;CATALUNYA;2020-06-19;2020-06-25;No;15.6885;1.19947;7.1116;541;350.7165;26680;1.8883;134;12;15
CATALUNYA;CATALUNYA;2020-06-19;2020-06-25;--;;;0.0000;16;0.0000;232;1.7778;14;1;0
CATALUNYA;CATALUNYA;2020-06-19;2020-06-25;Si;;;32.5178;21;2756.2712;1780;1.6611;34;0;13
CATALUNYA;CATALUNYA;2020-06-18;2020-06-24;Si;;;41.8086;27;3027.2530;1955;2.2154;33;0;12
CATALUNYA;CATALUNYA;2020-06-18;2020-06-24;No;14.3342;1.18141;6.5332;497;368.6336;28043;1.8529;134;17;16
CATALUNYA;CATALUNYA;2020-06-18;2020-06-24;--;;;0.0000;15;0.0000;223;2.3256;14;0;0
CATALUNYA;CATALUNYA;2020-06-17;2020-06-23;--;;;0.0000;15;0.0000;248;2.0833;14;0;0
CATALUNYA;CATALUNYA;2020-06-17;2020-06-23;Si;;;55.7448;36;3662.1244;2365;2.3591;33;0;12
CATALUNYA;CATALUNYA;2020-06-17;2020-06-23;No;14.8771;1.15249;6.7041;510;416.4693;31682;1.6738;154;20;19
CATALUNYA;CATALUNYA;2020-06-16;2020-06-22;No;13.9789;1.10542;6.3360;482;417.8890;31790;1.5134;151;19;19
CATALUNYA;CATALUNYA;2020-06-16;2020-06-22;--;;;0.0000;10;0.0000;257;1.2000;14;0;0
CATALUNYA;CATALUNYA;2020-06-16;2020-06-22;Si;;;55.7448;36;3868.0706;2498;2.3522;35;0;13
CATALUNYA;CATALUNYA;2020-06-15;2020-06-21;No;13.4001;1.06185;6.2308;474;431.9151;32857;1.4363;136;16;21
CATALUNYA;CATALUNYA;2020-06-15;2020-06-21;--;;;0.0000;10;0.0000;289;0.7067;5;0;0
CATALUNYA;CATALUNYA;2020-06-15;2020-06-21;Si;;;58.8417;38;3950.1393;2551;2.3912;31;1;17
CATALUNYA;CATALUNYA;2020-06-14;2020-06-20;--;;;0.0000;9;0.0000;293;0.6969;5;0;0
CATALUNYA;CATALUNYA;2020-06-14;2020-06-20;Si;;;66.5840;43;4007.4326;2588;2.7060;33;1;20
CATALUNYA;CATALUNYA;2020-06-14;2020-06-20;No;12.9193;1.0302;5.9416;452;431.4550;32822;1.3715;140;18;24
CATALUNYA;CATALUNYA;2020-06-13;2020-06-19;No;12.1007;0.952936;5.8233;443;432.6775;32915;1.2901;141;18;23
CATALUNYA;CATALUNYA;2020-06-13;2020-06-19;--;;;0.0000;8;0.0000;290;0.7042;4;0;0
CATALUNYA;CATALUNYA;2020-06-13;2020-06-19;Si;;;66.5840;43;4052.3381;2617;2.6914;29;1;20
CATALUNYA;CATALUNYA;2020-06-12;2020-06-18;No;11.8874;0.860429;5.9679;454;450.2002;34248;1.2865;150;21;23
CATALUNYA;CATALUNYA;2020-06-12;2020-06-18;--;;;0.0000;6;0.0000;324;0.9434;3;0;0
CATALUNYA;CATALUNYA;2020-06-12;2020-06-18;Si;;;88.2626;57;4567.9777;2950;3.3689;27;1;20
CATALUNYA;CATALUNYA;2020-06-11;2020-06-17;--;;;0.0000;6;0.0000;345;0.8824;3;0;0
CATALUNYA;CATALUNYA;2020-06-11;2020-06-17;Si;;;77.4233;50;4670.1765;3016;2.8345;28;1;24
CATALUNYA;CATALUNYA;2020-06-11;2020-06-17;No;11.1925;0.796491;5.5998;426;457.8639;34831;1.1942;144;20;22
CATALUNYA;CATALUNYA;2020-06-10;2020-06-16;--;;;0.0000;8;0.0000;362;1.1236;5;0;0
CATALUNYA;CATALUNYA;2020-06-10;2020-06-16;Si;;;80.5202;52;4855.9925;3136;2.9185;31;2;25
CATALUNYA;CATALUNYA;2020-06-10;2020-06-16;No;11.5206;0.778333;6.2045;472;470.5885;35799;1.3575;127;18;23
CATALUNYA;CATALUNYA;2020-06-09;2020-06-15;No;11.6178;0.769861;6.3097;480;473.0598;35987;1.3619;125;18;25
CATALUNYA;CATALUNYA;2020-06-09;2020-06-15;--;;;0.0000;6;0.0000;344;0.8902;4;0;0
CATALUNYA;CATALUNYA;2020-06-09;2020-06-15;Si;;;82.0687;53;5252.4001;3392;3.1590;31;2;22
CATALUNYA;CATALUNYA;2020-06-08;2020-06-14;--;;;0.0000;5;0.0000;350;0.8772;5;0;0
CATALUNYA;CATALUNYA;2020-06-08;2020-06-14;Si;;;111.4896;72;5541.9634;3579;3.4415;37;1;20
CATALUNYA;CATALUNYA;2020-06-08;2020-06-14;No;11.7729;0.790466;6.3886;486;477.5424;36328;1.3257;131;22;30
CATALUNYA;CATALUNYA;2020-06-07;2020-06-13;--;;;0.0000;6;0.0000;354;1.1561;6;0;0
CATALUNYA;CATALUNYA;2020-06-07;2020-06-13;Si;;;117.6834;76;5655.0015;3652;3.5627;35;1;19
CATALUNYA;CATALUNYA;2020-06-07;2020-06-13;No;13.1613;0.862377;6.5989;502;484.1150;36828;1.3609;133;24;31
CATALUNYA;CATALUNYA;2020-06-06;2020-06-12;No;15.0896;0.944779;6.8749;523;496.1956;37747;1.4178;147;30;33
CATALUNYA;CATALUNYA;2020-06-06;2020-06-12;--;;;0.0000;7;0.0000;366;1.1173;6;0;0
CATALUNYA;CATALUNYA;2020-06-06;2020-06-12;Si;;;120.7804;78;5851.6568;3779;3.6416;35;1;21
CATALUNYA;CATALUNYA;2020-06-05;2020-06-11;Si;;;116.1350;75;6131.9293;3960;3.3512;41;1;25
CATALUNYA;CATALUNYA;2020-06-05;2020-06-11;No;16.6778;0.994302;7.8477;597;510.1427;38808;1.5988;163;28;33
CATALUNYA;CATALUNYA;2020-06-05;2020-06-11;--;;;0.0000;7;0.0000;398;1.0256;7;0;0
CATALUNYA;CATALUNYA;2020-06-04;2020-06-10;--;;;0.0000;7;0.0000;442;0.6912;10;1;0
CATALUNYA;CATALUNYA;2020-06-04;2020-06-10;Si;;;147.1043;95;6616.5995;4273;3.3977;42;1;26
CATALUNYA;CATALUNYA;2020-06-04;2020-06-10;No;17.8483;1.00799;8.4524;643;523.0251;39788;1.6824;166;29;34
CATALUNYA;CATALUNYA;2020-06-03;2020-06-09;No;18.1904;1.00057;8.5970;654;533.1602;40559;1.6636;177;27;34
CATALUNYA;CATALUNYA;2020-06-03;2020-06-09;--;;;0.0000;6;0.0000;453;0.6726;10;1;0
CATALUNYA;CATALUNYA;2020-06-03;2020-06-09;Si;;;137.8135;89;6633.6327;4284;3.2939;41;0;37
CATALUNYA;CATALUNYA;2020-06-02;2020-06-08;Si;;;150.2013;97;6334.7785;4091;3.1739;42;0;44
CATALUNYA;CATALUNYA;2020-06-02;2020-06-08;No;18.7571;0.979344;8.7810;668;525.9960;40014;1.7013;188;27;34
CATALUNYA;CATALUNYA;2020-06-02;2020-06-08;--;;;0.0000;7;0.0000;466;0.6522;9;2;0
CATALUNYA;CATALUNYA;2020-06-01;2020-06-07;--;;;0.0000;8;0.0000;425;0.9524;10;3;0
CATALUNYA;CATALUNYA;2020-06-01;2020-06-07;Si;;;126.9742;82;6077.7330;3925;2.9530;37;0;46
CATALUNYA;CATALUNYA;2020-06-01;2020-06-07;No;19.2798;0.951147;8.5050;647;500.8490;38101;1.7675;189;24;26
CATALUNYA;CATALUNYA;2020-05-31;2020-06-06;No;18.6035;0.876296;8.6627;659;512.6666;39000;1.7564;194;23;26
CATALUNYA;CATALUNYA;2020-05-31;2020-06-06;--;;;0.0000;7;0.0000;436;0.6961;10;4;0
CATALUNYA;CATALUNYA;2020-05-31;2020-06-06;Si;;;117.6834;76;6418.3957;4145;2.4865;39;1;55
CATALUNYA;CATALUNYA;2020-05-30;2020-06-05;No;17.0269;0.792224;9.0965;692;530.0842;40325;1.7863;186;21;25
CATALUNYA;CATALUNYA;2020-05-30;2020-06-05;--;;;0.0000;7;0.0000;500;0.8081;12;4;0
CATALUNYA;CATALUNYA;2020-05-30;2020-06-05;Si;;;140.9104;91;7102.8182;4587;2.6429;40;1;57
CATALUNYA;CATALUNYA;2020-05-29;2020-06-04;--;;;0.0000;10;0.0000;494;1.4286;10;4;0
CATALUNYA;CATALUNYA;2020-05-29;2020-06-04;Si;;;173.4283;112;7390.8330;4773;3.1789;37;1;62
CATALUNYA;CATALUNYA;2020-05-29;2020-06-04;No;16.5737;0.754524;8.9256;679;532.2531;40490;1.7082;179;24;31
CATALUNYA;CATALUNYA;2020-05-28;2020-06-03;No;17.7314;0.753141;9.2542;704;547.0810;41618;1.7068;183;21;36
CATALUNYA;CATALUNYA;2020-05-28;2020-06-03;--;;;0.0000;15;0.0000;568;2.3256;8;3;0
CATALUNYA;CATALUNYA;2020-05-28;2020-06-03;Si;;;178.0737;115;7965.3143;5144;3.4516;45;2;64
CATALUNYA;CATALUNYA;2020-05-27;2020-06-02;No;18.5311;0.777557;9.5829;729;545.8717;41526;1.7401;180;23;41
CATALUNYA;CATALUNYA;2020-05-27;2020-06-02;--;;;0.0000;17;0.0000;661;2.1472;8;4;0
CATALUNYA;CATALUNYA;2020-05-27;2020-06-02;Si;;;188.9129;122;8188.2935;5288;3.4971;41;2;59
CATALUNYA;CATALUNYA;2020-05-26;2020-06-01;--;;;0.0000;16;0.0000;731;1.9471;10;3;0
CATALUNYA;CATALUNYA;2020-05-26;2020-06-01;Si;;;202.8491;131;9248.9934;5973;3.5007;40;3;60
CATALUNYA;CATALUNYA;2020-05-26;2020-06-01;No;20.673;0.815268;10.3716;789;569.3097;43309;1.8306;178;28;48
CATALUNYA;CATALUNYA;2020-05-25;2020-05-31;--;;;0.0000;15;0.0000;806;1.6414;11;2;0
CATALUNYA;CATALUNYA;2020-05-25;2020-05-31;Si;;;258.5939;167;10385.5682;6707;3.6949;43;4;65
CATALUNYA;CATALUNYA;2020-05-25;2020-05-31;No;22.8968;0.847192;11.7650;895;610.9146;46474;1.9332;183;34;53
CATALUNYA;CATALUNYA;2020-05-24;2020-05-30;No;23.6442;0.87357;12.5669;956;618.4206;47045;2.0546;186;32;56
CATALUNYA;CATALUNYA;2020-05-24;2020-05-30;--;;;0.0000;18;0.0000;866;1.8868;10;1;0
CATALUNYA;CATALUNYA;2020-05-24;2020-05-30;Si;;;280.2725;181;10867.1415;7018;3.8576;52;3;63
CATALUNYA;CATALUNYA;2020-05-23;2020-05-29;--;;;0.0000;17;0.0000;884;1.7341;8;1;0
CATALUNYA;CATALUNYA;2020-05-23;2020-05-29;Si;;;292.6602;189;11621.2449;7505;3.7053;57;3;72
CATALUNYA;CATALUNYA;2020-05-23;2020-05-29;No;25.4204;0.934204;12.3960;943;616.8300;46924;1.9989;185;28;66
CATALUNYA;CATALUNYA;2020-05-22;2020-05-28;--;;;0.0000;16;0.0000;908;1.4640;12;1;0
CATALUNYA;CATALUNYA;2020-05-22;2020-05-28;Si;;;311.2418;201;12650.9755;8170;3.5941;63;3;72
CATALUNYA;CATALUNYA;2020-05-22;2020-05-28;No;28.3763;1.03533;13.0401;992;617.5004;46975;2.1074;178;29;69
CATALUNYA;CATALUNYA;2020-05-21;2020-05-27;No;30.7152;1.12499;14.2889;1087;622.2327;47335;2.3445;203;33;77
CATALUNYA;CATALUNYA;2020-05-21;2020-05-27;--;;;0.0000;11;0.0000;851;0.8383;15;1;0
CATALUNYA;CATALUNYA;2020-05-21;2020-05-27;Si;;;331.3719;214;13804.5834;8915;3.5798;63;2;76
CATALUNYA;CATALUNYA;2020-05-20;2020-05-26;Si;;;413.4406;267;15139.3620;9777;4.0729;66;2;82
CATALUNYA;CATALUNYA;2020-05-20;2020-05-26;No;32.3851;1.18387;14.2495;1084;626.8598;47687;2.2890;217;35;85
CATALUNYA;CATALUNYA;2020-05-20;2020-05-26;--;;;0.0000;8;0.0000;789;0.7772;13;0;0
CATALUNYA;CATALUNYA;2020-05-19;2020-05-25;--;;;0.0000;12;0.0000;718;1.2766;13;0;0
CATALUNYA;CATALUNYA;2020-05-19;2020-05-25;Si;;;411.8922;266;15675.1316;10123;3.7483;72;2;84
CATALUNYA;CATALUNYA;2020-05-19;2020-05-25;No;33.6196;1.22605;14.9856;1140;636.1799;48396;2.4129;230;29;96
CATALUNYA;CATALUNYA;2020-05-18;2020-05-24;No;33.9268;1.23311;15.2616;1161;642.0295;48841;2.4166;238;29;101
CATALUNYA;CATALUNYA;2020-05-18;2020-05-24;--;;;0.0000;15;0.0000;671;1.6692;10;0;1
CATALUNYA;CATALUNYA;2020-05-18;2020-05-24;Si;;;366.9866;237;16011.1489;10340;3.3982;73;2;75
CATALUNYA;CATALUNYA;2020-05-17;2020-05-23;Si;;;351.5020;227;16117.9931;10409;3.1746;69;2;75
CATALUNYA;CATALUNYA;2020-05-17;2020-05-23;No;32.9671;1.22396;14.4992;1103;629.0683;47855;2.3394;232;31;108
CATALUNYA;CATALUNYA;2020-05-17;2020-05-23;--;;;0.0000;12;0.0000;593;1.3675;11;0;1
CATALUNYA;CATALUNYA;2020-05-16;2020-05-22;--;;;0.0000;12;0.0000;504;1.6097;15;0;1
CATALUNYA;CATALUNYA;2020-05-16;2020-05-22;Si;;;343.7596;222;15600.8052;10075;3.2347;66;2;72
CATALUNYA;CATALUNYA;2020-05-16;2020-05-22;No;32.0523;1.17907;14.8147;1127;632.7489;48135;2.4253;236;33;109
CATALUNYA;CATALUNYA;2020-05-15;2020-05-21;No;29.85;1.13086;14.3678;1093;613.5831;46677;2.4038;258;33;116
CATALUNYA;CATALUNYA;2020-05-15;2020-05-21;--;;;0.0000;10;0.0000;417;1.4563;14;0;1
CATALUNYA;CATALUNYA;2020-05-15;2020-05-21;Si;;;337.5658;218;14538.5568;9389;3.3993;68;2;84
CATALUNYA;CATALUNYA;2020-05-14;2020-05-20;No;27.2815;1.10451;13.0138;990;600.6087;45690;2.1516;250;31;113
CATALUNYA;CATALUNYA;2020-05-14;2020-05-20;--;;;0.0000;12;0.0000;333;2.1277;13;0;1
CATALUNYA;CATALUNYA;2020-05-14;2020-05-20;Si;;;359.2443;232;13657.4790;8820;3.5602;76;2;87
CATALUNYA;CATALUNYA;2020-05-13;2020-05-19;--;;;0.0000;13;0.0000;312;1.9544;14;0;1
CATALUNYA;CATALUNYA;2020-05-13;2020-05-19;Si;;;318.9842;206;13657.4790;8820;3.1970;78;2;91
CATALUNYA;CATALUNYA;2020-05-13;2020-05-19;No;27.4668;1.10379;13.1058;997;586.6089;44625;2.2184;266;34;113
CATALUNYA;CATALUNYA;2020-05-12;2020-05-18;No;26.3967;1.09731;12.4354;946;557.4132;42404;2.1015;280;42;114
CATALUNYA;CATALUNYA;2020-05-12;2020-05-18;--;;;0.0000;8;0.0000;307;0.9967;15;0;2
CATALUNYA;CATALUNYA;2020-05-12;2020-05-18;Si;;;351.5020;227;13358.6249;8627;3.5808;77;1;100
CATALUNYA;CATALUNYA;2020-05-11;2020-05-17;No;25.9491;1.10219;12.2514;932;535.5395;40740;2.1259;299;39;122
CATALUNYA;CATALUNYA;2020-05-11;2020-05-17;--;;;0.0000;9;0.0000;302;0.6734;17;0;1
CATALUNYA;CATALUNYA;2020-05-11;2020-05-17;Si;;;371.6320;240;13305.9770;8593;3.9177;85;0;133
CATALUNYA;CATALUNYA;2020-05-10;2020-05-16;--;;;0.0000;9;0.0000;309;0.6601;16;0;1
CATALUNYA;CATALUNYA;2020-05-10;2020-05-16;Si;;;397.9560;257;12722.2050;8216;4.4344;88;0;150
CATALUNYA;CATALUNYA;2020-05-10;2020-05-16;No;26.208;1.10824;12.4354;946;529.5189;40282;2.1391;316;41;129
CATALUNYA;CATALUNYA;2020-05-09;2020-05-15;--;;;0.0000;10;0.0000;337;0.9091;12;0;1
CATALUNYA;CATALUNYA;2020-05-09;2020-05-15;Si;;;456.7977;295;12733.0442;8223;4.9814;93;0;166
CATALUNYA;CATALUNYA;2020-05-09;2020-05-15;No;25.9122;1.09695;12.3697;941;512.2723;38970;2.1180;341;45;126
CATALUNYA;CATALUNYA;2020-05-08;2020-05-14;No;25.0771;1.07901;12.0279;915;497.1946;37823;2.0357;352;50;133
CATALUNYA;CATALUNYA;2020-05-08;2020-05-14;--;;;0.0000;12;0.0000;353;0.8671;12;0;2
CATALUNYA;CATALUNYA;2020-05-08;2020-05-14;Si;;;470.7339;304;13067.5131;8439;4.8358;96;1;169
CATALUNYA;CATALUNYA;2020-05-07;2020-05-13;--;;;0.0000;12;0.0000;416;0.9756;11;1;2
CATALUNYA;CATALUNYA;2020-05-07;2020-05-13;Si;;;462.9916;299;13070.6100;8441;4.6463;92;1;201
CATALUNYA;CATALUNYA;2020-05-07;2020-05-13;No;24.8624;1.02457;11.6861;889;477.9762;36361;2.0890;361;52;155
CATALUNYA;CATALUNYA;2020-05-06;2020-05-12;--;;;0.0000;16;0.0000;427;1.6509;13;2;2
CATALUNYA;CATALUNYA;2020-05-06;2020-05-12;Si;;;529.5757;342;13561.4741;8758;4.7040;97;1;232
CATALUNYA;CATALUNYA;2020-05-06;2020-05-12;No;24.7672;0.95398;11.7781;896;482.0381;36670;2.0416;376;48;170
CATALUNYA;CATALUNYA;2020-05-05;2020-05-11;No;23.9279;0.881909;11.6204;884;476.7274;36266;2.0144;399;45;190
CATALUNYA;CATALUNYA;2020-05-05;2020-05-11;--;;;0.0000;18;0.0000;440;1.8391;14;3;2
CATALUNYA;CATALUNYA;2020-05-05;2020-05-11;Si;;;568.2873;367;13917.6215;8988;4.6291;104;1;260
CATALUNYA;CATALUNYA;2020-05-04;2020-05-10;Si;;;631.7745;408;14552.4930;9398;4.6284;110;2;277
CATALUNYA;CATALUNYA;2020-05-04;2020-05-10;No;23.4252;0.834279;11.2918;859;476.0570;36215;2.0039;402;43;202
CATALUNYA;CATALUNYA;2020-05-04;2020-05-10;--;;;0.0000;22;0.0000;480;2.3305;14;4;2
CATALUNYA;CATALUNYA;2020-05-03;2020-05-09;--;;;0.0000;24;0.0000;488;2.7027;17;4;2
CATALUNYA;CATALUNYA;2020-05-03;2020-05-09;Si;;;622.4837;402;15410.3437;9952;4.1925;110;3;301
CATALUNYA;CATALUNYA;2020-05-03;2020-05-09;No;22.6947;0.784749;11.2129;853;482.8399;36731;1.9983;401;42;216
CATALUNYA;CATALUNYA;2020-05-02;2020-05-08;No;22.279;0.742368;11.2523;856;481.7620;36649;2.0316;390;40;240
CATALUNYA;CATALUNYA;2020-05-02;2020-05-08;--;;;0.0000;23;0.0000;497;2.4490;20;4;3
CATALUNYA;CATALUNYA;2020-05-02;2020-05-08;Si;;;628.6776;406;15382.4713;9934;3.8951;118;3;329
CATALUNYA;CATALUNYA;2020-05-01;2020-05-07;Si;;;659.6469;426;15964.6949;10310;3.6246;115;2;367
CATALUNYA;CATALUNYA;2020-05-01;2020-05-07;No;22.437;0.669878;11.2129;853;465.2778;35395;2.1603;377;31;239
CATALUNYA;CATALUNYA;2020-05-01;2020-05-07;--;;;0.0000;23;0.0000;597;2.3850;28;6;4
CATALUNYA;CATALUNYA;2020-04-30;2020-05-06;--;;;0.0000;27;0.0000;660;2.1605;26;5;4
CATALUNYA;CATALUNYA;2020-04-30;2020-05-06;Si;;;757.2003;489;17618.4577;11378;3.7943;99;2;376
CATALUNYA;CATALUNYA;2020-04-30;2020-05-06;No;23.8416;0.651239;12.5800;957;486.2051;36987;2.3395;329;23;243
CATALUNYA;CATALUNYA;2020-04-29;2020-05-05;No;26.0138;0.635908;14.1837;1079;488.6633;37174;2.6168;258;19;251
CATALUNYA;CATALUNYA;2020-04-29;2020-05-05;--;;;0.0000;29;0.0000;687;2.0990;23;4;4
CATALUNYA;CATALUNYA;2020-04-29;2020-05-05;Si;;;907.4016;586;18169.7119;11734;3.7030;87;2;393
CATALUNYA;CATALUNYA;2020-04-28;2020-05-04;No;28.3157;0.638049;15.5114;1180;507.0536;38573;2.9049;177;12;259
CATALUNYA;CATALUNYA;2020-04-28;2020-05-04;--;;;0.0000;39;0.0000;784;2.8758;19;3;3
CATALUNYA;CATALUNYA;2020-04-28;2020-05-04;Si;;;1080.8299;698;19427.0672;12546;4.5196;68;2;424
CATALUNYA;CATALUNYA;2020-04-27;2020-05-03;--;;;0.0000;43;0.0000;757;3.7838;17;2;3
CATALUNYA;CATALUNYA;2020-04-27;2020-05-03;Si;;;1093.2177;706;20229.1731;13064;4.2632;47;1;448
CATALUNYA;CATALUNYA;2020-04-27;2020-05-03;No;31.244;0.638416;16.7865;1277;504.7006;38394;3.1200;117;9;265
CATALUNYA;CATALUNYA;2020-04-26;2020-05-02;No;33.6955;0.664414;17.7067;1347;519.4102;39513;3.2327;82;5;285
CATALUNYA;CATALUNYA;2020-04-26;2020-05-02;--;;;0.0000;44;0.0000;760;3.9242;14;2;3
CATALUNYA;CATALUNYA;2020-04-26;2020-05-02;Si;;;1243.4190;803;20874.8838;13481;4.9153;35;0;468
CATALUNYA;CATALUNYA;2020-04-25;2020-05-01;No;36.46;0.687049;18.7583;1427;530.5574;40361;3.4358;45;1;304
CATALUNYA;CATALUNYA;2020-04-25;2020-05-01;--;;;0.0000;49;0.0000;738;4.4630;11;2;2
CATALUNYA;CATALUNYA;2020-04-25;2020-05-01;Si;;;1358.0055;877;21893.7751;14139;5.4632;16;0;490
CATALUNYA;CATALUNYA;2020-04-24;2020-04-30;--;;;0.0000;58;0.0000;629;6.4356;0;0;0
CATALUNYA;CATALUNYA;2020-04-24;2020-04-30;Si;;;1599.5664;1033;23742.6447;15333;6.5724;0;0;514
CATALUNYA;CATALUNYA;2020-04-24;2020-04-30;No;42.942;0.732778;22.2812;1695;554.9813;42219;3.9726;0;0;341
CATALUNYA;CATALUNYA;2020-04-23;2020-04-29;--;;;0.0000;53;0.0000;530;7.5397;0;0;1
CATALUNYA;CATALUNYA;2020-04-23;2020-04-29;Si;;;1906.1628;1231;23113.9671;14927;8.1122;0;0;537
CATALUNYA;CATALUNYA;2020-04-23;2020-04-29;No;46.9265;0.75091;24.0296;1828;540.3375;41105;4.5626;0;0;357
CATALUNYA;CATALUNYA;2020-04-22;2020-04-28;No;51.919;0.782414;26.7243;2033;537.9187;40921;5.3114;0;0;374
CATALUNYA;CATALUNYA;2020-04-22;2020-04-28;--;;;0.0000;55;0.0000;483;9.2873;0;0;4
CATALUNYA;CATALUNYA;2020-04-22;2020-04-28;Si;;;2228.2440;1439;24363.5800;15734;10.5155;0;0;561
CATALUNYA;CATALUNYA;2020-04-21;2020-04-27;--;;;0.0000;50;0.0000;382;10.7735;0;0;4
CATALUNYA;CATALUNYA;2020-04-21;2020-04-27;Si;;;2638.5877;1704;25534.2211;16490;11.9474;0;0;607
CATALUNYA;CATALUNYA;2020-04-21;2020-04-27;No;57.2468;0.802307;28.8670;2196;519.2261;39499;6.0296;0;0;397
CATALUNYA;CATALUNYA;2020-04-20;2020-04-26;--;;;0.0000;42;0.0000;348;9.8462;0;0;4
CATALUNYA;CATALUNYA;2020-04-20;2020-04-26;Si;;;3072.1585;1984;25504.8002;16471;14.2277;0;0;645
CATALUNYA;CATALUNYA;2020-04-20;2020-04-26;No;61.444;0.828615;32.1534;2446;516.9520;39326;6.8470;0;0;435
CATALUNYA;CATALUNYA;2020-04-19;2020-04-25;No;64.5541;0.840029;33.0078;2511;501.7823;38172;7.3587;0;0;449
CATALUNYA;CATALUNYA;2020-04-19;2020-04-25;--;;;0.0000;40;0.0000;335;9.1772;0;0;4
CATALUNYA;CATALUNYA;2020-04-19;2020-04-25;Si;;;3237.8445;2091;25641.0653;16559;15.0491;0;0;706
CATALUNYA;CATALUNYA;2020-04-18;2020-04-24;Si;;;3634.2520;2347;26732.7345;17264;16.2105;0;0;765
CATALUNYA;CATALUNYA;2020-04-18;2020-04-24;No;68.9253;0.862534;34.3092;2610;489.9647;37273;7.8442;0;0;462
CATALUNYA;CATALUNYA;2020-04-18;2020-04-24;--;;;0.0000;40;0.0000;325;9.1803;0;0;5
CATALUNYA;CATALUNYA;2020-04-17;2020-04-23;--;;;0.0000;39;0.0000;309;7.8498;0;0;7
CATALUNYA;CATALUNYA;2020-04-17;2020-04-23;Si;;;4798.6992;3099;26371.9417;17031;19.5585;0;0;831
CATALUNYA;CATALUNYA;2020-04-17;2020-04-23;No;71.3483;0.869401;36.3204;2763;470.6937;35807;8.6889;0;0;495
CATALUNYA;CATALUNYA;2020-04-16;2020-04-22;No;76.8681;0.87696;38.4631;2926;453.5391;34502;9.6461;0;0;524
CATALUNYA;CATALUNYA;2020-04-16;2020-04-22;--;;;0.0000;42;0.0000;284;9.5588;0;0;8
CATALUNYA;CATALUNYA;2020-04-16;2020-04-22;Si;;;5348.4050;3454;26598.0179;17177;21.3166;0;0;908
CATALUNYA;CATALUNYA;2020-04-15;2020-04-21;Si;;;5870.2384;3791;24964.3852;16122;23.6650;0;0;983
CATALUNYA;CATALUNYA;2020-04-15;2020-04-21;No;79.4791;0.86659;39.6330;3015;428.7996;32620;10.5852;0;0;556
CATALUNYA;CATALUNYA;2020-04-15;2020-04-21;--;;;0.0000;41;0.0000;293;7.8571;0;0;8
CATALUNYA;CATALUNYA;2020-04-14;2020-04-20;--;;;0.0000;41;0.0000;278;7.5188;0;0;8
CATALUNYA;CATALUNYA;2020-04-14;2020-04-20;Si;;;6057.6029;3912;22147.7237;14303;26.8030;0;0;1023
CATALUNYA;CATALUNYA;2020-04-14;2020-04-20;No;83.0312;0.861369;42.4856;3232;412.5126;31381;11.7219;0;0;589
CATALUNYA;CATALUNYA;2020-04-13;2020-04-19;No;87.4913;0.844312;41.9992;3195;384.0925;29219;12.3492;0;0;597
CATALUNYA;CATALUNYA;2020-04-13;2020-04-19;--;;;0.0000;41;0.0000;262;7.9365;0;0;8
CATALUNYA;CATALUNYA;2020-04-13;2020-04-19;Si;;;5961.5980;3850;19998.4515;12915;27.9930;0;0;1083
CATALUNYA;CATALUNYA;2020-04-12;2020-04-18;No;88.0602;0.825303;43.8395;3335;380.5564;28950;12.9625;0;0;624
CATALUNYA;CATALUNYA;2020-04-12;2020-04-18;--;;;0.0000;43;0.0000;258;8.0972;0;0;9
CATALUNYA;CATALUNYA;2020-04-12;2020-04-18;Si;;;5912.0470;3818;19024.4657;12286;29.2651;0;0;1156
CATALUNYA;CATALUNYA;2020-04-11;2020-04-17;--;;;0.0000;41;0.0000;293;6.8592;0;0;11
CATALUNYA;CATALUNYA;2020-04-11;2020-04-17;Si;;;5915.1440;3820;17449.6748;11269;31.9299;0;0;1216
CATALUNYA;CATALUNYA;2020-04-11;2020-04-17;No;87.0623;0.791098;45.6010;3469;372.7612;28357;13.8037;0;0;674
CATALUNYA;CATALUNYA;2020-04-10;2020-04-16;No;88.9706;0.771222;45.7456;3480;348.2189;26490;14.8271;0;0;707
CATALUNYA;CATALUNYA;2020-04-10;2020-04-16;--;;;0.0000;36;0.0000;267;7.9365;0;0;9
CATALUNYA;CATALUNYA;2020-04-10;2020-04-16;Si;;;5209.0430;3364;15068.1325;9731;33.1289;0;0;1254
CATALUNYA;CATALUNYA;2020-04-09;2020-04-15;No;93.3476;0.762997;49.1897;3742;347.0621;26402;15.9434;0;0;781
CATALUNYA;CATALUNYA;2020-04-09;2020-04-15;--;;;0.0000;52;0.0000;281;11.0266;0;0;8
CATALUNYA;CATALUNYA;2020-04-09;2020-04-15;Si;;;5052.6478;3263;13892.8460;8972;34.3231;0;0;1302
CATALUNYA;CATALUNYA;2020-04-08;2020-04-14;--;;;0.0000;51;0.0000;274;11.3725;0;0;6
CATALUNYA;CATALUNYA;2020-04-08;2020-04-14;Si;;;4710.4366;3042;12378.4453;7994;35.3222;0;0;1338
CATALUNYA;CATALUNYA;2020-04-08;2020-04-14;No;99.5035;0.773346;52.0816;3962;347.1805;26411;17.0152;0;0;834
CATALUNYA;CATALUNYA;2020-04-07;2020-04-13;--;;;0.0000;55;0.0000;257;14.2857;0;0;7
CATALUNYA;CATALUNYA;2020-04-07;2020-04-13;Si;;;4453.3911;2876;11407.5565;7367;35.9154;0;0;1394
CATALUNYA;CATALUNYA;2020-04-07;2020-04-13;No;106.506;0.78396;53.9088;4101;348.3635;26501;18.0529;0;0;873
CATALUNYA;CATALUNYA;2020-04-06;2020-04-12;No;119.894;0.792066;61.6251;4688;362.7182;27593;19.5480;0;0;950
CATALUNYA;CATALUNYA;2020-04-06;2020-04-12;--;;;0.0000;63;0.0000;283;14.8289;0;0;8
CATALUNYA;CATALUNYA;2020-04-06;2020-04-12;Si;;;4572.6231;2953;11111.7993;7176;38.0395;0;0;1408
CATALUNYA;CATALUNYA;2020-04-05;2020-04-11;--;;;0.0000;67;0.0000;293;16.8498;0;0;9
CATALUNYA;CATALUNYA;2020-04-05;2020-04-11;Si;;;4493.6512;2902;10356.1474;6688;39.7167;0;0;1400
CATALUNYA;CATALUNYA;2020-04-05;2020-04-11;No;123.43;0.785087;62.8608;4782;361.3642;27490;20.2438;0;0;999
CATALUNYA;CATALUNYA;2020-04-04;2020-04-10;--;;;0.0000;72;0.0000;266;20.3187;0;0;9
CATALUNYA;CATALUNYA;2020-04-04;2020-04-10;Si;;;4224.2180;2728;9335.7076;6029;41.4630;0;0;1387
CATALUNYA;CATALUNYA;2020-04-04;2020-04-10;No;126.109;0.768895;64.4514;4903;361.8243;27525;21.2870;0;0;1047
CATALUNYA;CATALUNYA;2020-04-03;2020-04-09;No;131.322;0.751415;69.6175;5296;375.7320;28583;22.5120;0;0;1106
CATALUNYA;CATALUNYA;2020-04-03;2020-04-09;--;;;0.0000;78;0.0000;339;17.9245;0;0;10
CATALUNYA;CATALUNYA;2020-04-03;2020-04-09;Si;;;4067.8228;2627;8897.4914;5746;43.5696;0;0;1394
CATALUNYA;CATALUNYA;2020-04-02;2020-04-08;Si;;;3674.5122;2373;7638.5877;4933;46.7682;0;0;1374
CATALUNYA;CATALUNYA;2020-04-02;2020-04-08;No;137.137;0.739994;73.1535;5565;369.6589;28121;24.1060;0;0;1155
CATALUNYA;CATALUNYA;2020-04-02;2020-04-08;--;;;0.0000;65;0.0000;337;16.0256;0;0;11
CATALUNYA;CATALUNYA;2020-04-01;2020-04-07;--;;;0.0000;73;0.0000;344;18.1818;0;0;11
CATALUNYA;CATALUNYA;2020-04-01;2020-04-07;Si;;;3428.3059;2214;6980.4893;4508;49.0595;0;0;1329
CATALUNYA;CATALUNYA;2020-04-01;2020-04-07;No;144.94;0.738267;76.5845;5826;361.5746;27506;25.6745;0;0;1213
CATALUNYA;CATALUNYA;2020-03-31;2020-04-06;No;155.474;0.744327;81.9477;6234;357.5521;27200;28.0706;0;0;1323
CATALUNYA;CATALUNYA;2020-03-31;2020-04-06;--;;;0.0000;79;0.0000;361;19.6429;0;0;10
CATALUNYA;CATALUNYA;2020-03-31;2020-04-06;Si;;;3239.3930;2092;6491.1737;4192;50.6540;0;0;1252
CATALUNYA;CATALUNYA;2020-03-30;2020-04-05;Si;;;3135.6457;2025;6540.7246;4224;49.5683;0;0;1218
CATALUNYA;CATALUNYA;2020-03-30;2020-04-05;No;169.058;0.757315;89.7429;6827;365.7679;27825;29.4502;0;0;1420
CATALUNYA;CATALUNYA;2020-03-30;2020-04-05;--;;;0.0000;78;0.0000;325;21.4521;0;0;11
CATALUNYA;CATALUNYA;2020-03-29;2020-04-04;--;;;0.0000;80;0.0000;327;21.2418;0;0;10
CATALUNYA;CATALUNYA;2020-03-29;2020-04-04;Si;;;3271.9108;2113;6757.5100;4364;50.3489;0;0;1146
CATALUNYA;CATALUNYA;2020-03-29;2020-04-04;No;177.459;0.774161;94.3569;7178;376.1921;28618;30.6344;0;0;1497
CATALUNYA;CATALUNYA;2020-03-28;2020-04-03;No;189.22;0.805062;99.5624;7574;383.5141;29175;32.3333;0;0;1564
CATALUNYA;CATALUNYA;2020-03-28;2020-04-03;--;;;0.0000;82;0.0000;312;23.2082;0;0;8
CATALUNYA;CATALUNYA;2020-03-28;2020-04-03;Si;;;3270.3623;2112;6729.6376;4346;50.3659;0;0;1063
CATALUNYA;CATALUNYA;2020-03-27;2020-04-02;No;208.023;0.858418;105.1492;7999;374.0757;28457;34.5801;0;0;1612
CATALUNYA;CATALUNYA;2020-03-27;2020-04-02;--;;;0.0000;84;0.0000;245;29.5652;0;0;8
CATALUNYA;CATALUNYA;2020-03-27;2020-04-02;Si;;;2976.1536;1922;6004.9550;3878;51.1946;0;0;967
CATALUNYA;CATALUNYA;2020-03-26;2020-04-01;--;;;0.0000;88;0.0000;210;35.8209;0;0;8
CATALUNYA;CATALUNYA;2020-03-26;2020-04-01;Si;;;2881.6971;1861;5672.0346;3663;51.4845;0;0;867
CATALUNYA;CATALUNYA;2020-03-26;2020-04-01;No;227.115;0.921553;112.1688;8533;368.4101;28026;37.2794;0;0;1628
CATALUNYA;CATALUNYA;2020-03-25;2020-03-31;No;247.038;0.989879;119.7405;9109;364.9266;27761;39.3454;0;0;1638
CATALUNYA;CATALUNYA;2020-03-25;2020-03-31;--;;;0.0000;89;0.0000;171;45.1220;0;0;9
CATALUNYA;CATALUNYA;2020-03-25;2020-03-31;Si;;;2632.3939;1700;5119.2319;3306;52.4194;0;0;769
CATALUNYA;CATALUNYA;2020-03-24;2020-03-30;No;265.163;1.0683;126.9310;9656;358.1042;27242;40.9482;0;0;1564
CATALUNYA;CATALUNYA;2020-03-24;2020-03-30;--;;;0.0000;83;0.0000;170;42.6829;0;0;9
CATALUNYA;CATALUNYA;2020-03-24;2020-03-30;Si;;;2500.7742;1615;4831.2170;3120;52.4788;0;0;679
CATALUNYA;CATALUNYA;2020-03-23;2020-03-29;--;;;0.0000;86;0.0000;175;44.3787;0;0;8
CATALUNYA;CATALUNYA;2020-03-23;2020-03-29;Si;;;2274.6980;1469;4194.7971;2709;54.3768;0;0;581
CATALUNYA;CATALUNYA;2020-03-23;2020-03-29;No;277.0;1.13793;133.4905;10155;341.9486;26013;42.2351;0;0;1455
CATALUNYA;CATALUNYA;2020-03-22;2020-03-28;--;;;0.0000;88;0.0000;173;46.3855;0;0;7
CATALUNYA;CATALUNYA;2020-03-22;2020-03-28;Si;;;2047.0733;1322;3623.4128;2340;53.8991;0;0;497
CATALUNYA;CATALUNYA;2020-03-22;2020-03-28;No;290.86;1.21688;134.8707;10260;334.5084;25447;42.6552;0;0;1345
CATALUNYA;CATALUNYA;2020-03-21;2020-03-27;No;310.725;1.34252;135.4754;10306;324.9649;24721;42.9447;0;0;1205
CATALUNYA;CATALUNYA;2020-03-21;2020-03-27;--;;;0.0000;88;0.0000;183;43.7500;0;0;6
CATALUNYA;CATALUNYA;2020-03-21;2020-03-27;Si;;;1842.6757;1190;3048.9315;1969;54.3295;0;0;425
CATALUNYA;CATALUNYA;2020-03-20;2020-03-26;--;;;0.0000;74;0.0000;169;40.2439;0;0;5
CATALUNYA;CATALUNYA;2020-03-20;2020-03-26;Si;;;1656.8597;1070;2729.9473;1763;52.6995;0;0;346
CATALUNYA;CATALUNYA;2020-03-20;2020-03-26;No;351.402;1.59509;137.1843;10436;316.2233;24056;43.1974;0;0;1056
CATALUNYA;CATALUNYA;2020-03-19;2020-03-25;--;;;0.0000;68;0.0000;164;38.5093;0;0;3
CATALUNYA;CATALUNYA;2020-03-19;2020-03-25;Si;;;1436.9773;928;2455.8686;1586;51.2052;0;0;290
CATALUNYA;CATALUNYA;2020-03-19;2020-03-25;No;375.99;1.8407;134.2792;10215;305.2338;23220;42.1375;0;0;893
CATALUNYA;CATALUNYA;2020-03-18;2020-03-24;No;394.956;2.12817;129.8229;9876;289.5778;22029;40.9524;0;0;746
CATALUNYA;CATALUNYA;2020-03-18;2020-03-24;--;;;0.0000;61;0.0000;153;36.8421;0;0;1
CATALUNYA;CATALUNYA;2020-03-18;2020-03-24;Si;;;1257.3552;812;2212.7593;1429;48.3731;0;0;251
CATALUNYA;CATALUNYA;2020-03-17;2020-03-23;Si;;;1045.2152;675;1879.8389;1214;46.6837;0;0;219
CATALUNYA;CATALUNYA;2020-03-17;2020-03-23;No;413.447;2.50574;121.2785;9226;269.2025;20479;38.9337;0;0;603
CATALUNYA;CATALUNYA;2020-03-17;2020-03-23;--;;;0.0000;53;0.0000;109;43.5185;0;0;1
CATALUNYA;CATALUNYA;2020-03-16;2020-03-22;--;;;0.0000;42;0.0000;95;39.3617;0;0;0
CATALUNYA;CATALUNYA;2020-03-16;2020-03-22;Si;;;857.8507;554;1636.7296;1057;45.6055;0;0;182
CATALUNYA;CATALUNYA;2020-03-16;2020-03-22;No;413.722;2.99857;109.9341;8363;252.2582;19190;37.3480;0;0;480
CATALUNYA;CATALUNYA;2020-03-15;2020-03-21;No;447.998;3.5412;104.1502;7923;242.3993;18440;35.8609;0;0;395
CATALUNYA;CATALUNYA;2020-03-15;2020-03-21;--;;;0.0000;34;0.0000;89;34.8315;0;0;0
CATALUNYA;CATALUNYA;2020-03-15;2020-03-21;Si;;;792.8151;512;1568.5970;1013;44.7262;0;0;158
CATALUNYA;CATALUNYA;2020-03-14;2020-03-20;Si;;;667.3892;431;1320.8423;853;42.7208;0;0;144
CATALUNYA;CATALUNYA;2020-03-14;2020-03-20;No;454.614;3.9912;95.9738;7301;228.9516;17417;33.0595;0;0;332
CATALUNYA;CATALUNYA;2020-03-14;2020-03-20;--;;;0.0000;27;0.0000;75;33.3333;0;0;0
CATALUNYA;CATALUNYA;2020-03-13;2020-03-19;--;;;0.0000;29;0.0000;77;33.7662;0;0;0
CATALUNYA;CATALUNYA;2020-03-13;2020-03-19;Si;;;510.9941;330;1119.5416;723;39.5218;0;0;131
CATALUNYA;CATALUNYA;2020-03-13;2020-03-19;No;400.868;4.25851;83.1177;6323;208.5107;15862;29.5351;0;0;266
CATALUNYA;CATALUNYA;2020-03-12;2020-03-18;No;348.169;4.54387;69.9855;5324;177.9347;13536;27.0186;0;0;219
CATALUNYA;CATALUNYA;2020-03-12;2020-03-18;--;;;0.0000;23;0.0000;62;32.2581;0;0;0
CATALUNYA;CATALUNYA;2020-03-12;2020-03-18;Si;;;362.3412;234;887.2716;573;36.3636;0;0;108
CATALUNYA;CATALUNYA;2020-03-11;2020-03-17;No;285.986;4.78149;55.7623;4242;146.5043;11145;25.1503;0;0;161
CATALUNYA;CATALUNYA;2020-03-11;2020-03-17;--;;;0.0000;14;0.0000;44;27.2727;0;0;0
CATALUNYA;CATALUNYA;2020-03-11;2020-03-17;Si;;;260.1424;168;681.3254;440;34.3387;0;0;94
CATALUNYA;CATALUNYA;2020-03-10;2020-03-16;--;;;0.0000;11;0.0000;37;24.3243;0;0;0
CATALUNYA;CATALUNYA;2020-03-10;2020-03-16;Si;;;170.3313;110;545.0603;352;29.1908;0;0;76
CATALUNYA;CATALUNYA;2020-03-10;2020-03-16;No;225.891;4.93515;43.7212;3326;117.9001;8969;23.4089;0;0;126
CATALUNYA;CATALUNYA;2020-03-09;2020-03-15;No;144.664;5.0;28.0389;2133;90.7551;6904;20.9281;0;0;103
CATALUNYA;CATALUNYA;2020-03-09;2020-03-15;--;;;0.0000;8;0.0000;33;21.2121;0;0;0
CATALUNYA;CATALUNYA;2020-03-09;2020-03-15;Si;;;113.0380;73;424.2799;274;26.3941;0;0;58
CATALUNYA;CATALUNYA;2020-03-08;2020-03-14;No;107.35;4.63736;22.3601;1701;71.8916;5469;18.6687;0;0;77
CATALUNYA;CATALUNYA;2020-03-08;2020-03-14;--;;;0.0000;5;0.0000;24;16.6667;0;0;0
CATALUNYA;CATALUNYA;2020-03-08;2020-03-14;Si;;;54.1963;35;305.0480;197;16.5803;0;0;43
CATALUNYA;CATALUNYA;2020-03-07;2020-03-13;--;;;0.0000;2;0.0000;15;6.6667;0;0;0
CATALUNYA;CATALUNYA;2020-03-07;2020-03-13;Si;;;43.3570;28;253.9485;164;14.8148;0;0;26
CATALUNYA;CATALUNYA;2020-03-07;2020-03-13;No;;;17.9301;1364;50.7540;3861;18.4440;0;0;50
CATALUNYA;CATALUNYA;2020-03-06;2020-03-12;--;;;0.0000;0;0.0000;9;0.0000;0;0;0
CATALUNYA;CATALUNYA;2020-03-06;2020-03-12;Si;;;23.2270;15;171.8798;111;10.0000;0;0;16
CATALUNYA;CATALUNYA;2020-03-06;2020-03-12;No;;;11.0157;838;26.6323;2026;19.4975;0;0;30
CATALUNYA;CATALUNYA;2020-03-05;2020-03-11;No;;;6.6383;505;14.4598;1100;16.9288;0;0;17
CATALUNYA;CATALUNYA;2020-03-05;2020-03-11;--;;;0.0000;0;0.0000;7;0.0000;0;0;0
CATALUNYA;CATALUNYA;2020-03-05;2020-03-11;Si;;;9.2908;6;109.9411;71;4.2254;0;0;11
CATALUNYA;CATALUNYA;2020-03-04;2020-03-10;--;;;0.0000;0;0.0000;5;0.0000;0;0;0
CATALUNYA;CATALUNYA;2020-03-04;2020-03-10;Si;;;4.6454;3;68.1325;44;2.2727;0;0;6
CATALUNYA;CATALUNYA;2020-03-04;2020-03-10;No;;;4.0487;308;8.5970;654;14.5736;0;0;12
CATALUNYA;CATALUNYA;2020-03-03;2020-03-09;--;;;0.0000;0;0.0000;2;0.0000;0;0;0
CATALUNYA;CATALUNYA;2020-03-03;2020-03-09;Si;;;1.5484;1;32.5178;21;0.0000;0;0;3
CATALUNYA;CATALUNYA;2020-03-03;2020-03-09;No;;;2.0506;156;4.8637;370;7.9670;0;0;9
CATALUNYA;CATALUNYA;2020-03-02;2020-03-08;No;;;0.8938;68;4.0093;305;5.3333;0;0;5
CATALUNYA;CATALUNYA;2020-03-02;2020-03-08;--;;;0.0000;1;0.0000;1;100.0000;0;0;0
CATALUNYA;CATALUNYA;2020-03-02;2020-03-08;Si;;;1.5484;1;20.1300;13;0.0000;0;0;2
CATALUNYA;CATALUNYA;2020-03-01;2020-03-07;Si;;;1.5484;1;12.3877;8;0.0000;0;0;0
CATALUNYA;CATALUNYA;2020-03-01;2020-03-07;No;;;0.7887;60;3.6412;277;4.3956;0;0;2
CATALUNYA;CATALUNYA;2020-03-01;2020-03-07;--;;;0.0000;2;0.0000;3;33.3333;0;0;0
CATALUNYA;CATALUNYA;2020-02-29;2020-03-06;--;;;0.0000;2;0.0000;3;33.3333;0;0;0
CATALUNYA;CATALUNYA;2020-02-29;2020-03-06;Si;;;0.0000;0;4.6454;3;0.0000;0;0;0
CATALUNYA;CATALUNYA;2020-02-29;2020-03-06;No;;;0.6572;50;2.6159;199;5.1282;0;0;0
CATALUNYA;CATALUNYA;2020-02-28;2020-03-05;No;;;0.4863;37;1.8797;143;5.6738;0;0;0
CATALUNYA;CATALUNYA;2020-02-28;2020-03-05;--;;;0.0000;2;0.0000;3;33.3333;0;0;0
CATALUNYA;CATALUNYA;2020-02-28;2020-03-05;Si;;;0.0000;0;3.0969;2;0.0000;0;0;0
CATALUNYA;CATALUNYA;2020-02-27;2020-03-04;Si;;;0.0000;0;3.0969;2;0.0000;0;0;0
CATALUNYA;CATALUNYA;2020-02-27;2020-03-04;No;;;0.2629;20;1.3934;106;2.8302;0;0;0
CATALUNYA;CATALUNYA;2020-02-27;2020-03-04;--;;;0.0000;2;0.0000;3;33.3333;0;0;0
CATALUNYA;CATALUNYA;2020-02-26;2020-03-03;--;;;0.0000;2;0.0000;3;33.3333;0;0;0
CATALUNYA;CATALUNYA;2020-02-26;2020-03-03;Si;;;0.0000;0;0.0000;0;0.0000;0;0;0
CATALUNYA;CATALUNYA;2020-02-26;2020-03-03;No;;;0.1708;13;1.0384;79;2.5316;0;0;0
CATALUNYA;CATALUNYA;2020-02-25;2020-03-02;No;;;0.0657;5;0.7098;54;3.7037;0;0;0
CATALUNYA;CATALUNYA;2020-02-25;2020-03-02;--;;;0.0000;2;0.0000;3;33.3333;0;0;0
CATALUNYA;CATALUNYA;2020-02-25;2020-03-02;Si;;;0.0000;0;0.0000;0;0.0000;0;0;0
CATALUNYA;CATALUNYA;2020-02-24;2020-03-01;No;;;0.0131;1;0.2629;20;0.0000;0;0;0
CATALUNYA;CATALUNYA;2020-02-24;2020-03-01;--;;;0.0000;1;0.0000;2;0.0000;0;0;0
CATALUNYA;CATALUNYA;2020-02-24;2020-03-01;Si;;;0.0000;0;0.0000;0;0.0000;0;0;0
